,slice_file_name,fsID,start,end,salience,fold,classID,class
0,100032-3-0-0.wav,100032,0,179.977868480725,1,1,3,audio_class_1
1,100263-2-0-117.wav,100263,179.977868480725,359.955736961,1,1,2,audio_class_2
